strain,0,2,4,replicate,genotype,gyra,gyrb
AM370.1,313,302,638,A,91S/95D,S.D,0
AM370.4,478,513,1121,A,91S/95D,S.D,0
AM370.6,1089,1154,2452,A,91S/95D,S.D,0
AM370.14,619,650,1385,A,91S/95D,S.D,0
AM387h.1,886,713,1305,A,91F/95A,F.A,0
AM387h.2,751,539,957,A,91F/95A,F.A,0
AM387h.4,1724,1241,2424,A,91F/95A,F.A,0
AM387h.6,1372,991,1899,A,91F/95A,F.A,0
AM388.9,474,490,794,A,91F/95G,F.G,0
AM388.10,366,372,752,A,91F/95G,F.G,0
AM388.11,2808,2965,5398,A,91F/95G,F.G,0
AM388.12,2853,3071,5510,A,91F/95G,F.G,0
AM389.5,995,935,1572,A,91F/95D,F.D,0
AM389.21,4969,4533,8706,A,91F/95D,F.D,0
AM389.16,1468,1234,2426,A,91F/95D,F.D,0
AM389.17,1230,1150,2090,A,91F/95D,F.D,0
AM390.1,1399,1293,2257,A,91F/95N,F.N,0
AM390.2,2782,2488,4529,A,91F/95N,F.N,0
AM390.14,908,793,1493,A,91F/95N,F.N,0
AM390.4,1538,1486,2677,A,91F/95N,F.N,0
AM391.7,3254,2348,3234,A,91S/95G,S.G,0
AM391.23,2025,1419,2205,A,91S/95G,S.G,0
AM391.20,2189,1387,2348,A,91S/95G,S.G,0
AM391.3,1437,954,1641,A,91S/95G,S.G,0
AM392.14,2141,2335,4274,A,91S/95A,S.A,0
AM392.9,559,590,1059,A,91S/95A,S.A,0
AM392.15,4375,4650,9835,A,91S/95A,S.A,0
AM392.12,431,450,962,A,91S/95A,S.A,0
AM393.1,264,177,319,A,91S/95N,S.N,0
AM393.2,186,118,251,A,91S/95N,S.N,0
AM393.3,131,93,146,A,91S/95N,S.N,0
AM393.4,144,109,186,A,91S/95N,S.N,0
AM394.2,2205,2214,3242,A,S/D + D429N,S.D,1
AM394.5,1624,1366,1485,A,S/D + D429N,S.D,1
AM394.7,4776,4018,5757,A,S/D + D429N,S.D,1
AM394.11,2247,1862,2566,A,S/D + D429N,S.D,1
AM471b.1,1203,773,801,A,F/A + D429N,F.A,1
AM471b.4,1305,915,938,A,F/A + D429N,F.A,1
AM471b.6,1475,960,917,A,F/A + D429N,F.A,1
AM471b.9,2421,1515,1547,A,F/A + D429N,F.A,1
AM402.4,1321,505,335,A,F/G + D429N,F.G,1
AM402.6,1598,623,401,A,F/G + D429N,F.G,1
AM402.3,2893,1164,910,A,F/G + D429N,F.G,1
AM402.10,1381,543,374,A,F/G + D429N,F.G,1
AM403.20,1920,1163,1429,A,F/D + D429N,F.D,1
AM403.4,1637,1007,1309,A,F/D + D429N,F.D,1
AM403.16,4952,3133,3792,A,F/D + D429N,F.D,1
AM403.17,2026,1261,1464,A,F/D + D429N,F.D,1
AM397.8,646,273,216,A,F/N + D429N,F.N,1
AM397.1,927,446,355,A,F/N + D429N,F.N,1
AM397.13,1849,791,564,A,F/N + D429N,F.N,1
AM397.2,1289,587,484,A,F/N + D429N,F.N,1
AM398.3,2570,1074,986,A,S/G + D429N,S.G,1
AM398.7,2030,837,706,A,S/G + D429N,S.G,1
AM398.9,808,327,292,A,S/G + D429N,S.G,1
AM398.11,1885,742,674,A,S/G + D429N,S.G,1
AM399.2,1806,1236,1329,A,S/A + D429N,S.A,1
AM399.3,1763,1136,1303,A,S/A + D429N,S.A,1
AM399.4,2335,1502,1610,A,S/A + D429N,S.A,1
AM399.8,1634,997,1118,A,S/A + D429N,S.A,1
AM400b.1,2712,2178,3238,A,S/N + D429N,S.N,1
AM400b.7,3022,2189,3374,A,S/N + D429N,S.N,1
AM400b.16,4057,2927,4623,A,S/N + D429N,S.N,1
AM400b.20,267,115,131,A,S/N + D429N,S.N,1
AM370.1,859,1971,2395,B,91S/95D,S.D,0
AM370.4,1263,3086,3972,B,91S/95D,S.D,0
AM370.6,2647,6362,7967,B,91S/95D,S.D,0
AM370.14,1654,3534,4602,B,91S/95D,S.D,0
AM387h.1,1123,2139,2694,B,91F/95A,F.A,0
AM387h.2,832,1563,1973,B,91F/95A,F.A,0
AM387h.4,2284,4464,5479,B,91F/95A,F.A,0
AM387h.6,1831,3410,4116,B,91F/95A,F.A,0
AM388.9,403,1013,1060,B,91F/95G,F.G,0
AM388.10,402,934,1198,B,91F/95G,F.G,0
AM388.11,2099,5338,6311,B,91F/95G,F.G,0
AM388.12,2153,5403,6632,B,91F/95G,F.G,0
AM389.5,638,1354,1616,B,91F/95D,F.D,0
AM389.21,2729,6227,7880,B,91F/95D,F.D,0
AM389.16,832,1894,2291,B,91F/95D,F.D,0
AM389.17,733,1664,2003,B,91F/95D,F.D,0
AM390.1,1173,2296,2585,B,91F/95N,F.N,0
AM390.2,2486,4611,5230,B,91F/95N,F.N,0
AM390.14,722,1284,1354,B,91F/95N,F.N,0
AM390.4,1832,4005,4888,B,91F/95N,F.N,0
AM391.7,3587,5223,4771,B,91S/95G,S.G,0
AM391.23,1777,1685,1348,B,91S/95G,S.G,0
AM391.20,1858,1796,1476,B,91S/95G,S.G,0
AM391.3,1235,1353,1071,B,91S/95G,S.G,0
AM392.14,1694,4217,4923,B,91S/95A,S.A,0
AM392.9,493,1341,1559,B,91S/95A,S.A,0
AM392.15,2774,8265,10165,B,91S/95A,S.A,0
AM392.12,471,1191,1400,B,91S/95A,S.A,0
AM393.1,2541,3278,3254,B,91S/95N,S.N,0
AM393.2,1619,2217,2304,B,91S/95N,S.N,0
AM393.3,996,1381,1477,B,91S/95N,S.N,0
AM393.4,1460,2104,2225,B,91S/95N,S.N,0
AM394.2,1215,2997,2985,B,S/D + D429N,S.D,1
AM394.5,776,1453,1109,B,S/D + D429N,S.D,1
AM394.7,1851,3614,3357,B,S/D + D429N,S.D,1
AM394.11,878,1698,1636,B,S/D + D429N,S.D,1
AM471b.1,910,1579,1291,B,F/A + D429N,F.A,1
AM471b.4,975,1754,1393,B,F/A + D429N,F.A,1
AM471b.6,1006,1745,1290,B,F/A + D429N,F.A,1
AM471b.9,1564,2781,2031,B,F/A + D429N,F.A,1
AM402.4,1171,1140,547,B,F/G + D429N,F.G,1
AM402.6,1380,1297,617,B,F/G + D429N,F.G,1
AM402.3,2327,2490,1309,B,F/G + D429N,F.G,1
AM402.10,1207,1116,498,B,F/G + D429N,F.G,1
AM403.20,1463,2189,1730,B,F/D + D429N,F.D,1
AM403.4,1228,1923,1425,B,F/D + D429N,F.D,1
AM403.16,3131,4673,3570,B,F/D + D429N,F.D,1
AM403.17,1722,2396,1746,B,F/D + D429N,F.D,1
AM397.8,666,641,306,B,F/N + D429N,F.N,1
AM397.1,1027,1097,512,B,F/N + D429N,F.N,1
AM397.13,1348,1425,689,B,F/N + D429N,F.N,1
AM397.2,1355,1530,823,B,F/N + D429N,F.N,1
AM398.3,1986,2626,1725,B,S/G + D429N,S.G,1
AM398.7,1362,1660,1131,B,S/G + D429N,S.G,1
AM398.9,443,588,365,B,S/G + D429N,S.G,1
AM398.11,980,1352,926,B,S/G + D429N,S.G,1
AM399.2,1433,2071,1478,B,S/A + D429N,S.A,1
AM399.3,1310,1848,1290,B,S/A + D429N,S.A,1
AM399.4,1704,2156,1499,B,S/A + D429N,S.A,1
AM399.8,1224,1636,1121,B,S/A + D429N,S.A,1
AM400b.1,1789,2896,2692,B,S/N + D429N,S.N,1
AM400b.7,1942,3120,2857,B,S/N + D429N,S.N,1
AM400b.16,2539,4229,4023,B,S/N + D429N,S.N,1
AM400b.20,214,226,152,B,S/N + D429N,S.N,1
